{"problem": "200.10.1", "iterations": 10, "tabu-size": 10, "shuffle-after": 10, "solutions": [{"cost": [10788.217837507264, 798798.7479129196], "drone_paths": [[[0, 89, 81, 80, 0], [0, 47, 72, 11, 21, 51, 0], [0, 86, 180, 105, 183, 0]], [[0, 35, 18, 144, 129, 169, 68, 177, 154, 173, 14, 0], [0, 130, 175, 189, 34, 24, 196, 0], [0, 178, 53, 0], [0, 4, 70, 0], [0, 39, 2, 0], [0, 143, 185, 0]], [[0, 8, 153, 155, 25, 184, 57, 0], [0, 29, 50, 85, 111, 122, 73, 167, 0], [0, 99, 198, 0], [0, 168, 33, 134, 110, 6, 0], [0, 22, 0], [0, 170, 0]], [[0, 43, 164, 140, 46, 199, 135, 100, 114, 61, 0], [0, 28, 104, 76, 107, 23, 141, 133, 159, 0], [0, 36, 132, 0]]], "technician_paths": [[0, 161, 56, 118, 84, 193, 95, 126, 9, 78, 30, 191, 152, 139, 190, 200, 113, 98, 94, 48, 150, 162, 10, 66, 120, 19, 54, 125, 101, 59, 112, 186, 106, 0], [0, 38, 171, 64, 172, 174, 145, 1, 75, 67, 158, 82, 88, 74, 116, 26, 103, 45, 37, 55, 142, 87, 7, 65, 108, 149, 40, 96, 187, 128, 188, 0], [0, 195, 83, 124, 90, 147, 182, 117, 123, 79, 97, 92, 12, 192, 27, 20, 136, 17, 77, 31, 42, 109, 115, 52, 3, 62, 160, 176, 197, 156, 121, 91, 0], [0, 15, 131, 16, 163, 60, 179, 146, 5, 32, 119, 58, 151, 148, 127, 165, 63, 102, 137, 138, 93, 44, 49, 194, 166, 41, 69, 71, 13, 181, 157, 0]]}]}